geometry,address
POINT (37.405817 47.7266739),"Володимирівка, 85721-85723, Донецька область, Україна"
POINT (32.7220187 46.6260908),"Олешки, 75100-75108, Херсонська область, Україна"
POINT (35.544201 46.73275),"Новопокровка, 72443, Запорізька область, Україна"
POINT (38.1554803 46.043181),"Приморско-Ахтарск, Краснодарский край, Россия"
POINT (34.447971 48.396149),"Іллінка, 52314, Дніпропетровська область, Україна"
POINT (36.8190414 47.7484857),"Урожайне, 85550, Донецька область, Україна"
POINT (6.1834097 48.6937223),"Nancy, 54000;54100, Grand Est, France"
POINT (35.424961 50.636597),"Дроновка, 309399, Белгородская область, Россия"
POINT (33.2173146 46.7340381),"Нові Лагері, 74990, Херсонська область, Україна"
POINT (35.1182867 47.8507859),"Запоріжжя, 69000-69499, Запорізька область, Україна"
POINT (37.903172 49.423031),"Андріївка, 92623, Луганська область, Україна"
POINT (37.81734 48.52352),"Предтечине, 85161, Донецька область, Україна"
POINT (36.8190414 47.7484857),"Урожайне, 85550, Донецька область, Україна"
POINT (36.2630403 50.2900778),"Кудіївка, Харківська область, Україна"
POINT (37.740801623449656 48.0713844),"Бої за Донецький Аеропорт, Нова вулиця, 86083, Нова вулиця, Веселе, Донецька область, Україна"
POINT (33.415853 52.8873315),"Брянская область, Россия"
POINT (36.8013616 47.777934),"Макарівка, 85550, Донецька область, Україна"
POINT (39.80312 48.90015),"Золотарівка, 93620, Луганська область, Україна"
POINT (37.953217 49.522568),"Новоселівське, 92621, Луганська область, Україна"
POINT (37.9453103 48.599054),"Хромове, 84557, Донецька область, Україна"
POINT (37.7819171 49.654182),"Піщане, Харківська область, Україна"
POINT (35.1182867 47.8507859),"Запоріжжя, 69000-69499, Запорізька область, Україна"
POINT (37.5287601 48.2330784),"Євгенівка, 85351, Донецька область, Україна"
POINT (35.1182867 47.8507859),"Запоріжжя, 69000-69499, Запорізька область, Україна"
POINT (37.98248 48.63064),"Ягідне, 84751, Донецька область, Україна"
POINT (38.24736 48.80942),"Спірне, 84541, Донецька область, Україна"
POINT (39.070389 48.823685),"Райгородка, 93543, Луганська область, Україна"
POINT (37.4863822 47.8552316),"Новомихайлівка, 85654, Донецька область, Україна"
POINT (37.9561085 49.0234501),"Торське, 84444, Донецька область, Україна"
POINT (36.8256785 47.697415),"Старомлинівка, 85552, Донецька область, Україна"
POINT (38.6738586 48.6963302),"Донецький, 93890, Луганська область, Україна"
POINT (35.1182867 47.8507859),"Запоріжжя, 69000-69499, Запорізька область, Україна"
POINT (37.66027 48.42344),"Яблунівка, 85142, Донецька область, Україна"
POINT (37.97184 49.44706),"Коломийчиха, 92622, Луганська область, Україна"
POINT (37.88944 48.6763),"Оріхово-Василівка, 84532, Донецька область, Україна"
POINT (31.21935419139697 47.810945200000006),"Південноукраїнська АЕС, 55000, Южноукраїнськ, Миколаївська область, Україна"
POINT (37.3723976 48.0567943),"Гірник, 85487-85488, Донецька область, Україна"
POINT (38.009251 49.476284),"Підкуйчанськ, 92630, Коломийчиська сільська громада, Луганська область, Україна"
POINT (38.6738586 48.6963302),"Донецький, 93890, Луганська область, Україна"
POINT (38.022652 49.270931),"Нововодяне, 92912, Луганська область, Україна"
POINT (36.7933 47.75293),"Старомайорське, 85550, Донецька область, Україна"
POINT (37.96188 48.64317),"Берхівка, 84557, Донецька область, Україна"
POINT (36.71459 47.49493),"Червоноселівка, 71011, Запорізька область, Україна"
POINT (36.317093 50.31184),"Журавлёвка, 308659, Белгородская область, Россия"
POINT (36.827923 50.353954),"Новая Таволжанка, 309255, Белгородская область, Россия"
POINT (38.251866 48.7561028),"Берестове, 84541, Донецька область, Україна"
POINT (37.0011772 48.1053608),"Запоріжжя, 85373, Донецька область, Україна"
POINT (36.9898489 47.6289891),"Малий Керменчик, 85570, Донецька область, Україна"
POINT (38.2178525 49.0463189),"Кремінна, Луганська область, Україна"
POINT (36.8190414 47.7484857),"Урожайне, 85550, Донецька область, Україна"
POINT (34.9211323 47.0179164),"Веселе, 72200-72204, Запорізька область, Україна"
POINT (37.95828 48.5279),"Кліщіївка, 84557, Донецька область, Україна"
POINT (37.82661 48.08973),"Яковлівка, 86082, Донецька область, Україна"
POINT (37.851849 49.370174),"Копанки, Харківська область, Україна"
POINT (36.933511 47.6431918),"Ялинське, 85570, Донецька область, Україна"
POINT (35.456661 47.38781),"Володимирівка, 72011, Роздольська сільська громада, Запорізька область, Україна"
POINT (37.993374 49.498978),"Кривошиївка, 92630, Луганська область, Україна"
POINT (38.2747987 46.7112094),"Ейск, Краснодарский край, Россия"
POINT (37.5472476 47.7955881),"Степне, 85665, Донецька область, Україна"
POINT (40.0967706 49.5763091),"Діброва, Луганська область, Україна"
POINT (37.5472476 47.7955881),"Степне, 85665, Донецька область, Україна"
POINT (24.6008881 51.3199018),"Городище, Волинська область, Україна"
POINT (-6.9457779 52.3949076),"Ukrainian Coffee Shop, Lady Lane, Y34 X940, Lady Lane, New Ross, Éire / Ireland"
POINT (37.82661 48.08973),"Яковлівка, 86082, Донецька область, Україна"
POINT (36.74978 47.69569),"Володине, 85552, Донецька область, Україна"
POINT (38.2468072 49.0453528),"Відділення зв'язку №3, Сєдого провулок, 92903, Сєдого провулок, Кремінна, Луганська область, Україна"
POINT (38.0817 48.47546),"Кодема, 84572, Донецька область, Україна"
POINT (39.4956573 48.6429638),"Станиця Луганська, Луганська область, Україна"
POINT (38.327061 48.861168),"Тополівка, 93312, Луганська область, Україна"
POINT (35.541801 47.372021),"Новогорівка, 71731, Запорізька область, Україна"
POINT (34.61552 47.370991),"Заповітне, 71333, Запорізька область, Україна"
POINT (38.0671791 48.6956698),"Соледар, 84545-84548, Донецька область, Україна"
POINT (38.0156184 48.6626919),"Красна Гора, 84536, Донецька область, Україна"
POINT (38.114231 49.002506),"Діброва, Луганська область, Україна"
POINT (37.2601089 47.8982883),"Веселий Гай, 85650, Курахівська міська громада, Донецька область, Україна"
POINT (34.222408 50.762329),"Мирне, 42223, Сумська область, Україна"
POINT (37.3024235 47.6521193),"Кирилівка, 85752, Донецька область, Україна"
POINT (36.7933 47.75293),"Старомайорське, 85550, Донецька область, Україна"
POINT (86.3065341 50.1610069),"Тюнгур, 649473, Республика Алтай, Россия"
POINT (37.9469388 49.3305107),"Новоєгорівка, 92624, Новоєгорівка, Луганська область, Україна"
POINT (37.95828 48.5279),"Кліщіївка, 84557, Донецька область, Україна"
POINT (38.030891 49.311451),"Кармазинівка, Луганська область, Україна"
POINT (36.7933 47.75293),"Старомайорське, 85550, Донецька область, Україна"
POINT (38.02643 48.40087),"Зайцеве, 84692, Донецька область, Україна"
POINT (36.8256785 47.697415),"Старомлинівка, 85552, Донецька область, Україна"
POINT (38.030891 49.311451),"Кармазинівка, Луганська область, Україна"
POINT (37.9469388 49.3305107),"Новоєгорівка, 92624, Новоєгорівка, Луганська область, Україна"
POINT (34.2892101 51.2096718),"Стукалівка, 41820, Сумська область, Україна"
POINT (36.8190414 47.7484857),"Урожайне, 85550, Донецька область, Україна"
POINT (35.4575078 50.5766005),"Пороз, Белгородская область, Россия"
POINT (39.54021709975112 48.71936175),"Станично-Луганська селищна громада, Луганська область, Україна"
POINT (32.6143922 46.6401295),"Херсон, 73000-73480, Херсонська область, Україна"
POINT (36.816277 47.7207241),"Завітне Бажання, 85552, Донецька область, Україна"
POINT (38.0817 48.47546),"Кодема, 84572, Донецька область, Україна"
POINT (32.611881 46.555939),"Кардашинка, 75611, Херсонська область, Україна"
GEOMETRYCOLLECTION EMPTY,
POINT (37.953217 49.522568),"Новоселівське, 92621, Луганська область, Україна"
GEOMETRYCOLLECTION EMPTY,
POINT (36.8256785 47.697415),"Старомлинівка, 85552, Донецька область, Україна"
POINT (40.0967706 49.5763091),"Діброва, Луганська область, Україна"
POINT (37.97184 49.44706),"Коломийчиха, 92622, Луганська область, Україна"
POINT (38.152977 49.131493),"Червонопопівка, 92924, Луганська область, Україна"
POINT (37.6528923 47.4625561),"Андріївка, 87120-87121, Донецька область, Україна"
POINT (37.926182 49.370499),"Надія, 92624, Коломийчиська сільська громада, Луганська область, Україна"
POINT (35.319328 48.064499),"Вербове, 70016, Запорізька область, Україна"
POINT (38.9150477 49.2724587),"Луганська область, Україна"
POINT (37.9469388 49.3305107),"Новоєгорівка, 92624, Новоєгорівка, Луганська область, Україна"
POINT (37.0752783 47.7789442),"Пречистівка, 85642, Донецька область, Україна"
POINT (37.953217 49.522568),"Новоселівське, 92621, Луганська область, Україна"
POINT (36.816277 47.7207241),"Завітне Бажання, 85552, Донецька область, Україна"
POINT (36.9421754 47.7075324),"Керменчик, 85561, Донецька область, Україна"
POINT (38.0935602 48.6644807),"Бахмутське, 84546, Донецька область, Україна"
POINT (38.0020994 48.5894123),"Бахмут, 84500-84510, Донецька область, Україна"
POINT (37.7062717 49.7908984),"Лиман Перший, Харківська область, Україна"
POINT (37.352031028473164 55.89181065),"Академия гражданской защиты МЧС России, Соколовская улица, 141435, Соколовская улица, Химки, Московская область, Россия"
POINT (37.6528923 47.4625561),"Андріївка, 87120-87121, Донецька область, Україна"
POINT (36.8190414 47.7484857),"Урожайне, 85550, Донецька область, Україна"
POINT (37.9548643 48.450343),"Озарянівка, 85285, Донецька область, Україна"
POINT (33.118969 46.746479),"Кринки, 75110, Херсонська область, Україна"
POINT (36.8396472 47.8436751),"Велика Новосілка, 85500, Донецька область, Україна"
POINT (37.95261 49.413071),"Джерельне, 92622, Луганська область, Україна"
POINT (35.544201 46.73275),"Новопокровка, 72443, Запорізька область, Україна"
GEOMETRYCOLLECTION EMPTY,
GEOMETRYCOLLECTION EMPTY,
POINT (38.71719 48.11462),"Андріївка, 86580-86582, Донецька область, Україна"
POINT (37.705761 49.76292),"Синьківка, Харківська область, Україна"
POINT (32.99057 46.710781),"Козачі Лагері, Херсонська область, Україна"
POINT (37.984894 49.523956),"Куземівка, 92630, Луганська область, Україна"
POINT (32.2448332 46.9421759),"Зелений Гай, 57252, Миколаївська область, Україна"
POINT (32.392841 46.570702),"Велетенське, 75005, Херсонська область, Україна"
POINT (38.1519523 48.7437735),"Веселе, 84542, Донецька область, Україна"
POINT (39.4956573 48.6429638),"Станиця Луганська, Луганська область, Україна"
POINT (37.4446318 50.3958578),"Землянки, Харківська область, Україна"
POINT (33.35209 46.16421),"Привілля, Херсонська область, Україна"
POINT (38.25542 48.43048),"Луганське, 84580-84581, Донецька область, Україна"
POINT (34.58948715385645 47.512568400000006),"Запорізька АЕС, 71500, Енергодар, Запорізька область, Україна"
POINT (33.8674006 47.4311003),"Пам'ятник кавуну «Дари Херсонщини», 74212, Нововоронцовська селищна громада, Херсонська область, Україна"
POINT (35.0123787 46.2632026),"Приморське, 75543, Генічеська міська громада, Херсонська область, Україна"
POINT (37.984894 49.523956),"Куземівка, 92630, Луганська область, Україна"
POINT (38.0214951 48.501751),"Одрадівка, 84572, Донецька область, Україна"
POINT (36.74978 47.69569),"Володине, 85552, Донецька область, Україна"
POINT (35.1182867 47.8507859),"Запоріжжя, 69000-69499, Запорізька область, Україна"
POINT (32.52835018515112 46.5750151),"Острів Великий Потьомкін, Україна"
POINT (36.86523 47.6762),"Ключове, 85552, Донецька область, Україна"
POINT (34.3729195 50.9395138),"Миколаївка, 41854, Сумська область, Україна"
POINT (34.58948715385645 47.512568400000006),"Запорізька АЕС, 71500, Енергодар, Запорізька область, Україна"
POINT (38.008919 49.33651),"Ковалівка, Луганська область, Україна"
POINT (30.309679 58.119003),"Сольцы, Новгородская область, Россия"
POINT (35.319328 48.064499),"Вербове, 70016, Запорізька область, Україна"
POINT (33.5380219 46.3617756),"Чаплинка, 75200, Херсонська область, Україна"
POINT (35.319328 48.064499),"Вербове, 70016, Запорізька область, Україна"
POINT (35.826069 47.443081),"Роботине, 71720, Запорізька область, Україна"
POINT (38.2178525 49.0463189),"Кремінна, Луганська область, Україна"
GEOMETRYCOLLECTION EMPTY,
POINT (36.22864281891215 50.01508035),"Харківський національний університет радіоелектроніки, Серпова вулиця, 61166, Серпова вулиця, Харків, Харківська область, Україна"
POINT (17.0962437 48.1455656),"Tvarožkova, 811 03, Bratislava, Bratislavský kraj, Slovensko"
POINT (32.89204 46.661678),"Підстепне, 75112, Херсонська область, Україна"
POINT (37.5499621 47.0957648),"Маріуполь, 87500-87590, Донецька область, Україна"
POINT (50.8914633 53.2128813),"Самарская область, Россия"
POINT (37.9469388 49.3305107),"Новоєгорівка, 92624, Новоєгорівка, Луганська область, Україна"
POINT (40.0967706 49.5763091),"Діброва, Луганська область, Україна"
POINT (39.070389 48.823685),"Райгородка, 93543, Луганська область, Україна"
POINT (35.831909 47.420078),"Новопрокопівка, 71721, Запорізька область, Україна"
POINT (37.6528923 47.4625561),"Андріївка, 87120-87121, Донецька область, Україна"
POINT (35.1182867 47.8507859),"Запоріжжя, 69000-69499, Запорізька область, Україна"
POINT (32.71988745032017 46.67408625),"Антонівський міст, 73486, Херсонська міська громада, Херсонська область, Україна"
POINT (35.1182867 47.8507859),"Запоріжжя, 69000-69499, Запорізька область, Україна"
POINT (28.6382068 53.3084631),"Асіповічы, Магілёўская вобласць, Беларусь"
POINT (35.8839188 50.0513573),"Вільшани, 62360, Харківська область, Україна"
POINT (32.786407 46.600521),"Саги, Херсонська область, Україна"
POINT (38.2178525 49.0463189),"Кремінна, Луганська область, Україна"
POINT (38.1343802 48.4137913),"Доломітне, 84573, Донецька область, Україна"
POINT (36.22864281891215 50.01508035),"Харківський національний університет радіоелектроніки, Серпова вулиця, 61166, Серпова вулиця, Харків, Харківська область, Україна"
POINT (39.31767563986999 48.5643447),"Луганский национальный университет им. Тараса Шевченко, Херсонська вулиця, 91011, Херсонська вулиця, Луганськ, Луганська область, Україна"
POINT (37.2167222 47.7562763),"Павлівка, 85672, Донецька область, Україна"
POINT (39.070389 48.823685),"Райгородка, 93543, Луганська область, Україна"
POINT (36.3610834 47.6219073),"Марфопіль, 70206, Запорізька область, Україна"
POINT (35.826069 47.443081),"Роботине, 71720, Запорізька область, Україна"
POINT (35.319328 48.064499),"Вербове, 70016, Запорізька область, Україна"
POINT (37.775799 49.838791),"Тавільжанка, Харківська область, Україна"
POINT (38.2178525 49.0463189),"Кремінна, Луганська область, Україна"
POINT (37.72782 48.06347),"Веселе, 86083, Донецька область, Україна"
POINT (35.319328 48.064499),"Вербове, 70016, Запорізька область, Україна"
POINT (38.43103 48.21127),"Весела Долина, 86431, Ольховатська селищна рада, Донецька область, Україна"
POINT (37.04006 47.73182),"Новомайорське, 85561, Донецька область, Україна"
POINT (38.0884035 48.4043865),"Гольмівський, 84691, Донецька область, Україна"
POINT (35.438026 47.921528),"Вишневе, 70005, Павлівська сільська громада, Запорізька область, Україна"
POINT (38.0027664 48.3058686),"Горлівка, 84646, Горлівська міська рада, Донецька область, Україна"
POINT (34.6217 47.61509),"Мар’ївка, 53492, Дніпропетровська область, Україна"
POINT (35.319328 48.064499),"Вербове, 70016, Запорізька область, Україна"
POINT (37.7192788 48.0965542),"Опитне, 86081, Донецька область, Україна"
POINT (33.29887 46.720051),"Райське, 74991, Херсонська область, Україна"
GEOMETRYCOLLECTION EMPTY,
POINT (37.7062717 49.7908984),"Лиман Перший, Харківська область, Україна"
POINT (33.738331 48.562321),"Запоріжжя, 52141, П'ятихатська міська громада, Дніпропетровська область, Україна"
POINT (143.8358831 -37.5986771),"Sebastopol, 3356, Ballarat, Victoria, Australia"
POINT (37.577636946667766 47.673127),"Новотроїцьке, 85764, Ольгинська селищна громада, Донецька область, Україна"
POINT (116.5892739 59.2848576),"Патомский кратер, Жуинское сельское поселение, Иркутская область, Россия"
POINT (37.919998 49.5744329),"Крохмальне, Харківська область, Україна"
POINT (35.831909 47.420078),"Новопрокопівка, 71721, Запорізька область, Україна"
POINT (37.9568757 48.4683008),"Курдюмівка, 85285, Донецька область, Україна"
POINT (39.070389 48.823685),"Райгородка, 93543, Луганська область, Україна"
GEOMETRYCOLLECTION EMPTY,
POINT (37.3928536 50.1272527),"Миколаївка, Харківська область, Україна"
POINT (35.319328 48.064499),"Вербове, 70016, Запорізька область, Україна"
POINT (37.5815729 47.7676968),"Березове, 85682, Донецька область, Україна"
POINT (37.5805371 47.8033221),"Тарамчук, 85665, Донецька область, Україна"
POINT (37.705761 49.76292),"Синьківка, Харківська область, Україна"
POINT (37.405817 47.7266739),"Володимирівка, 85721-85723, Донецька область, Україна"
POINT (37.7809825 47.9212914),"Донецька область, 83000-87999, Україна"
POINT (33.6050132 44.9713752),"Севастопольская улица, 97546, Николаевка, Автономна Республіка Крим, Україна"
POINT (37.95828 48.5279),"Кліщіївка, 84557, Донецька область, Україна"
POINT (35.663342 47.3727),"Чистопілля, 71725, Запорізька область, Україна"
POINT (35.831909 47.420078),"Новопрокопівка, 71721, Запорізька область, Україна"
POINT (37.22494 47.70693),"Єгорівка, 85700, Донецька область, Україна"
POINT (37.9561085 49.0234501),"Торське, 84444, Донецька область, Україна"
POINT (34.360077 45.6987339),"Садовая улица, 96118, Дмитриевка, Республика Крым, Україна"
POINT (37.2034069 48.3536652),"Родинське, 85310-87315, Донецька область, Україна"
POINT (35.319328 48.064499),"Вербове, 70016, Запорізька область, Україна"
POINT (39.7296737 48.2951425),"Краснодон, 94401-94408, Луганська область, Україна"
POINT (39.7296737 48.2951425),"Краснодон, 94401-94408, Луганська область, Україна"
POINT (32.8459701 47.7561122),"Миколаївка, 56009, Миколаївська область, Україна"
POINT (37.6141992 49.7132963),"Куп’янськ, Харківська область, Україна"
POINT (33.3566678 46.7583404),"Нова Каховка, Херсонська область, Україна"
POINT (38.4262531 48.2699914),"Іллінка, 86491, Ольховатська селищна рада, Донецька область, Україна"
POINT (37.6141992 49.7132963),"Куп’янськ, Харківська область, Україна"
POINT (32.6141931 46.6748559),"вулиця 49-ї Гвардійської Херсонської дивізії, 73039, Херсон, Херсонська область, Україна"
POINT (37.684479 49.52705),"Сенькове, Харківська область, Україна"
POINT (37.858891 49.313511),"Чернещина, 63842, Харківська область, Україна"
POINT (35.1182867 47.8507859),"Запоріжжя, 69000-69499, Запорізька область, Україна"
POINT (38.152977 49.131493),"Червонопопівка, 92924, Луганська область, Україна"
POINT (33.5380219 46.3617756),"Чаплинка, 75200, Херсонська область, Україна"
POINT (38.516096 48.5651752),"Калинове, 93350, Луганська область, Україна"
POINT (33.2632062 46.7491957),"Дніпряни, 74987, Херсонська область, Україна"
POINT (35.490299 47.115551),"Старобогданівка, 72044, Запорізька область, Україна"
POINT (37.6923705 48.534859),"Костянтинівка, 85100-85129, Донецька область, Україна"
POINT (37.6044657 48.5785754),"Олексієво-Дружківка, 84293-84294, Донецька область, Україна"
GEOMETRYCOLLECTION EMPTY,
POINT (37.85545 49.40517),"Вишневе, Харківська область, Україна"
POINT (35.734058 47.46471),"Копані, 70562, Запорізька область, Україна"
POINT (30.7322878 46.4843023),"Одеса, Одеська область, Україна"
POINT (36.8256785 47.697415),"Старомлинівка, 85552, Донецька область, Україна"
POINT (37.95261 49.413071),"Джерельне, 92622, Луганська область, Україна"
POINT (37.5837615 50.7080119),"Белгородская область, Россия"
POINT (39.4956573 48.6429638),"Станиця Луганська, Луганська область, Україна"
POINT (38.02643 48.40087),"Зайцеве, 84692, Донецька область, Україна"
POINT (37.3026263 47.7503068),"Микільське, 85720, Донецька область, Україна"
POINT (37.4814121 47.1651269),"Зал царства Свідків Єгови, Гранітна вулиця, 87591, Гранітна вулиця, Маріупольська міська громада, Донецька область, Україна"
POINT (38.0020994 48.5894123),"Бахмут, 84500-84510, Донецька область, Україна"
POINT (38.02643 48.40087),"Зайцеве, 84692, Донецька область, Україна"
POINT (35.8499861 50.446504),"Горьковский, Белгородская область, Россия"
POINT (37.4863822 47.8552316),"Новомихайлівка, 85654, Донецька область, Україна"
POINT (36.915089 50.18692),"Шестерівка, Харківська область, Україна"
POINT (35.1182867 47.8507859),"Запоріжжя, 69000-69499, Запорізька область, Україна"
POINT (35.1182867 47.8507859),"Запоріжжя, 69000-69499, Запорізька область, Україна"
POINT (37.5815729 47.7676968),"Березове, 85682, Донецька область, Україна"
POINT (35.831909 47.420078),"Новопрокопівка, 71721, Запорізька область, Україна"
POINT (37.7062717 49.7908984),"Лиман Перший, Харківська область, Україна"
POINT (37.7466719 48.1338824),"Авдіївка, 86060-86075, Донецька область, Україна"
POINT (37.4922207 47.7895397),"Солодке, 85683, Донецька область, Україна"
POINT (37.2790838 48.5098678),"Кучерів Яр, 85018, Донецька область, Україна"
POINT (39.4956573 48.6429638),"Станиця Луганська, Луганська область, Україна"
POINT (37.22494 47.70693),"Єгорівка, 85700, Донецька область, Україна"
POINT (32.833157 46.63084),"Пойма, 75112, Херсонська область, Україна"
GEOMETRYCOLLECTION EMPTY,
GEOMETRYCOLLECTION EMPTY,
GEOMETRYCOLLECTION EMPTY,
POINT (36.7644737 47.6507198),"Орлинське, 85552, Донецька область, Україна"
POINT (-40.30167213736631 -20.29303775),"Emescam - Scientific Writing Office (SWO), Avenida Nossa Senhora da Penha, 29045-415, Avenida Nossa Senhora da Penha, Vitória, Espírito Santo, Brasil"
GEOMETRYCOLLECTION EMPTY,
POINT (37.82988836167465 48.003365900000006),"Донецький національний медичний університет імені М. Горького, Сєрова вулиця, 83003, Сєрова вулиця, Донецьк, Донецька область, Україна"
GEOMETRYCOLLECTION EMPTY,
POINT (34.4641381 31.5050311),"مدينة غزة القديمة, 888, غزة, قطاع غزة, Palestinian Territory"
POINT (34.4767993 31.5547745),"Al Salaten, 500, بيت لاهيا, قطاع غزة, Palestinian Territory"
POINT (35.2767362 33.108647),"مروحين, محافظة الجنوب, لبنان"
GEOMETRYCOLLECTION EMPTY,
POINT (38.251866 48.7561028),"Берестове, 84541, Донецька область, Україна"
GEOMETRYCOLLECTION EMPTY,
GEOMETRYCOLLECTION EMPTY,
POINT (34.2497359056194 31.2425449),"منطقة مراقبة معبر رفح الحدودي, مصر"
POINT (37.7466719 48.1338824),"Авдіївка, 86060-86075, Донецька область, Україна"
POINT (37.50449 48.01068),"Красногорівка, 85630-85634, Донецька область, Україна"
POINT (39.2963953 48.5675612),"Пам'ятник Трудівник Луганщини, Радянська вулиця, 91016, Радянська вулиця, Луганськ, Луганська область, Україна"
GEOMETRYCOLLECTION EMPTY,
POINT (34.2592625 31.2486236),"معبر رفح الحدودي, شارع صلاح الدين, 980, شارع صلاح الدين, Rafah, قطاع غزة, Palestinian Territory"
POINT (33.3917703 47.9102734),"Кривий Ріг, 50000-50479, Дніпропетровська область, Україна"
GEOMETRYCOLLECTION EMPTY,
POINT (35.2269853 33.1011407),"ظهيرة, محافظة الجنوب, لبنان"
POINT (37.50449 48.01068),"Красногорівка, 85630-85634, Донецька область, Україна"
POINT (37.1048855 48.4107019),"Водянське, 85040-85041, Донецька область, Україна"
POINT (34.5562263 31.6355602),"אזור התעשיה הדרומי, 7888909, אשקלון, מחוז הדרום, ישראל"
POINT (37.7688496 48.0805344),"Спартак, 86080, Донецька область, Україна"
POINT (34.7801225 32.075645),"שדרות ח""ן, 6437701, תל אביב-יפו, מחוז תל אביב, ישראל"
POINT (37.67564 48.194191),"Степове, 86046, Донецька область, Україна"
POINT (37.50449 48.01068),"Красногорівка, 85630-85634, Донецька область, Україна"
POINT (35.1716986 33.1139341),"رأس المصري, علما الشعب, محافظة الجنوب, لبنان"
POINT (37.5093211 47.9924943),"Красногорівка, Ватутіна вулиця, 83039, Ватутіна вулиця, Красногорівка, Донецька область, Україна"
POINT (37.67452 48.06604),"Піски, 86053, Донецька область, Україна"
POINT (39.9237036 43.4253834),"Адлер, Сочи, Краснодарский край, Россия"
POINT (37.50449 48.01068),"Красногорівка, 85630-85634, Донецька область, Україна"
GEOMETRYCOLLECTION EMPTY,
POINT (33.2779899 52.004259),"Новгород-Сіверський, 16000, Чернігівська область, Україна"
POINT (35.655228 50.800701),"Красная Яруга, Белгородская область, Россия"
POINT (32.833157 46.63084),"Пойма, 75112, Херсонська область, Україна"
POINT (32.833157 46.63084),"Пойма, 75112, Херсонська область, Україна"
POINT (32.611881 46.555939),"Кардашинка, 75611, Херсонська область, Україна"
POINT (36.70194615710751 48.84990325),"Іванівка, Харківська область, Україна"
POINT (38.2719 48.969501),"Шипилівка, 93311, Луганська область, Україна"
GEOMETRYCOLLECTION EMPTY,
POINT (35.6088208 49.8305999),"Валки, Харківська область, Україна"
POINT (38.1456729 49.4176663),"Сватове, Луганська область, Україна"
POINT (35.1182867 47.8507859),"Запоріжжя, 69000-69499, Запорізька область, Україна"
POINT (38.77693 47.99446),"Первомайське, 86596, Донецька область, Україна"
POINT (37.97562 49.590221),"Володимирівка, 92621, Луганська область, Україна"
POINT (36.22864281891215 50.01508035),"Харківський національний університет радіоелектроніки, Серпова вулиця, 61166, Серпова вулиця, Харків, Харківська область, Україна"
POINT (39.80312 48.90015),"Золотарівка, 93620, Луганська область, Україна"
POINT (37.92189 49.65934),"Ягідне, Харківська область, Україна"
POINT (37.92189 49.65934),"Ягідне, Харківська область, Україна"
POINT (37.7062717 49.7908984),"Лиман Перший, Харківська область, Україна"
POINT (37.50449 48.01068),"Красногорівка, 85630-85634, Донецька область, Україна"
POINT (33.2632062 46.7491957),"Дніпряни, 74987, Херсонська область, Україна"
POINT (32.89204 46.661678),"Підстепне, 75112, Херсонська область, Україна"
POINT (37.7819171 49.654182),"Піщане, Харківська область, Україна"
POINT (37.74208995 48.068628000000004),"Донецький міжнародний аеропорт (зруйновано), Київський проспект, 83018, Київський проспект, Донецьк, Донецька область, Україна"
POINT (32.945602 46.61668),"Челбурда, 75115, Херсонська область, Україна"
POINT (38.016858 47.9713858),"Маяк, 86195, Донецька область, Україна"
POINT (37.7466719 48.1338824),"Авдіївка, 86060-86075, Донецька область, Україна"
POINT (35.935589 47.16534),"Ланкове, 71223, Запорізька область, Україна"
POINT (37.7466719 48.1338824),"Авдіївка, 86060-86075, Донецька область, Україна"
POINT (37.98661 49.226582),"Макіївка, 92911, Луганська область, Україна"
POINT (38.70483 48.68008),"Дачне, 93720, Луганська область, Україна"
POINT (37.07233 47.56007),"Красна Поляна, 85571, Донецька область, Україна"
POINT (32.1658196 46.239513),"Тендрівське, 75643, Херсонська область, Україна"
POINT (37.8590172 48.1270606),"Ясинувата, 86000-86015, Донецька область, Україна"
POINT (36.9421754 47.7075324),"Керменчик, 85561, Донецька область, Україна"
POINT (36.40351612303412 45.3715154),"Аэропорт Керчь, Вокзальне шосе, 298303, Вокзальне шосе, Евпатория, Республика Крым, Україна"
POINT (36.9355561 47.6275192),"Новопетриківка, 85570, Донецька область, Україна"
POINT (37.98283 49.66061),"Нова Тарасівка, Харківська область, Україна"
POINT (37.7688496 48.0805344),"Спартак, 86080, Донецька область, Україна"
POINT (34.934795 47.833755),"Нове Запоріжжя, 70422, Запорізька область, Україна"
POINT (39.4956573 48.6429638),"Станиця Луганська, Луганська область, Україна"
POINT (37.22494 47.70693),"Єгорівка, 85700, Донецька область, Україна"
POINT (37.6129934 48.2428705),"Очеретине, 86020, 86021, Донецька область, Україна"
POINT (38.029861 49.626621),"Софіївка, 92614, Луганська область, Україна"
POINT (33.21648 46.684681),"Обривка, 74994, Херсонська область, Україна"
POINT (37.55908 48.27985),"Новоолександрівка, 85352, Донецька область, Україна"
POINT (37.8209919 48.1477166),"Крута Балка, 86005, Донецька область, Україна"
POINT (37.95828 48.5279),"Кліщіївка, 84557, Донецька область, Україна"
POINT (37.682613 49.8509377),"Дворічна, 62709, Харківська область, Україна"
POINT (33.2632062 46.7491957),"Дніпряни, 74987, Херсонська область, Україна"
POINT (41.4994249 52.5870419),"Котовск, Тамбовская область, Россия"
POINT (38.052 48.15076),"Путепровід, 86499, Єнакієвська міська рада, Донецька область, Україна"
POINT (37.80320319866691 47.994313500000004),"Donetsk National Technical University, Донецк, 83000-83490, Донецк, Донецьк, Донецька область, Україна"
POINT (37.958267 49.361267),"Сергіївка, 92624, Коломийчиська сільська громада, Луганська область, Україна"
POINT (37.7466719 48.1338824),"Авдіївка, 86060-86075, Донецька область, Україна"
POINT (33.7056731 48.4124572),"П’ятихатки, 52100-52109, Дніпропетровська область, Україна"
POINT (36.0911183 49.8563507),"Першотравневе, Харківська область, Україна"
POINT (38.02643 48.40087),"Зайцеве, 84692, Донецька область, Україна"
POINT (36.0911183 49.8563507),"Першотравневе, Харківська область, Україна"
POINT (32.3405 46.790234),"Благодатне, 75011, Херсонська область, Україна"
POINT (37.74208995 48.068628000000004),"Донецький міжнародний аеропорт (зруйновано), Київський проспект, 83018, Київський проспект, Донецьк, Донецька область, Україна"
POINT (37.7809825 47.9212914),"Донецька область, 83000-87999, Україна"
POINT (38.2178525 49.0463189),"Кремінна, Луганська область, Україна"
POINT (36.70194615710751 48.84990325),"Іванівка, Харківська область, Україна"
POINT (33.118969 46.746479),"Кринки, 75110, Херсонська область, Україна"
POINT (38.0020994 48.5894123),"Бахмут, 84500-84510, Донецька область, Україна"
POINT (38.15895 48.56026),"Клинове, 84562, Донецька область, Україна"
POINT (37.67564 48.194191),"Степове, 86046, Донецька область, Україна"
POINT (38.18745 49.34132),"Мілуватка, 92633, Луганська область, Україна"
POINT (37.9729054 48.2071448),"Пантелеймонівка, 84694-84698, Горлівська міська рада, Донецька область, Україна"
GEOMETRYCOLLECTION EMPTY,
POINT (33.5380219 46.3617756),"Чаплинка, 75200, Херсонська область, Україна"
POINT (38.892006 49.91473),"Ровеньки, 309740, Белгородская область, Россия"
POINT (37.7062717 49.7908984),"Лиман Перший, Харківська область, Україна"
POINT (37.67564 48.194191),"Степове, 86046, Донецька область, Україна"
POINT (37.6528923 47.4625561),"Андріївка, 87120-87121, Донецька область, Україна"
POINT (38.304366940246865 48.847012649999996),"Лисичанський нафтопереробний завод, Лисичанська міська громада, Луганська область, Україна"
POINT (37.705761 49.76292),"Синьківка, Харківська область, Україна"
POINT (37.4863822 47.8552316),"Новомихайлівка, 85654, Донецька область, Україна"
POINT (33.118969 46.746479),"Кринки, 75110, Херсонська область, Україна"
POINT (38.167809 49.165863),"Голикове, 92924, Луганська область, Україна"
POINT (37.67564 48.194191),"Степове, 86046, Донецька область, Україна"
GEOMETRYCOLLECTION EMPTY,
POINT (37.67564 48.194191),"Степове, 86046, Донецька область, Україна"
POINT (37.80320319866691 47.994313500000004),"Donetsk National Technical University, Донецк, 83000-83490, Донецк, Донецьк, Донецька область, Україна"
POINT (38.1483068 48.6707532),"Стряпівка, 84560, Соледарська міська громада, Донецька область, Україна"
POINT (36.7933 47.75293),"Старомайорське, 85550, Донецька область, Україна"
POINT (38.77693 47.99446),"Первомайське, 86596, Донецька область, Україна"
POINT (32.5345028 46.5320381),"Гола Пристань, 75600, Херсонська область, Україна"
POINT (34.566078 51.03767),"Бурчак, 42302, Постольне, Сумська область, Україна"
POINT (33.2214167 46.5966167),"Нова Маячка, Херсонська область, Україна"
POINT (37.7466719 48.1338824),"Авдіївка, 86060-86075, Донецька область, Україна"
POINT (35.831909 47.420078),"Новопрокопівка, 71721, Запорізька область, Україна"
POINT (35.0240353 48.5230131),"Донецьке шосе, 49000, Дніпро, Дніпропетровська область, Україна"
POINT (33.2173146 46.7340381),"Нові Лагері, 74990, Херсонська область, Україна"
POINT (36.70194615710751 48.84990325),"Іванівка, Харківська область, Україна"
POINT (37.9465885 48.701228),"Залізнянське, 84536, Соледарська міська громада, Донецька область, Україна"
GEOMETRYCOLLECTION EMPTY,
POINT (32.85461 46.506161),"Костогризове, 75130, Херсонська область, Україна"
POINT (37.7466719 48.1338824),"Авдіївка, 86060-86075, Донецька область, Україна"
POINT (37.67564 48.194191),"Степове, 86046, Донецька область, Україна"
POINT (37.6528923 47.4625561),"Андріївка, 87120-87121, Донецька область, Україна"
POINT (33.4079326 46.5421715),"Херсонська область, Україна"
POINT (37.50449 48.01068),"Красногорівка, 85630-85634, Донецька область, Україна"
POINT (37.6528923 47.4625561),"Андріївка, 87120-87121, Донецька область, Україна"
POINT (37.7868182 47.1464938),"Водяне, 87611, Сартанська селищна громада, Донецька область, Україна"
POINT (37.5022312 47.9401242),"Мар’їнка, 85600-85602, Донецька область, Україна"
POINT (37.9729376 48.3951689),"Майорська, Станція Майорська вулиця, 84692, Станція Майорська вулиця, Зайцеве, Донецька область, Україна"
POINT (37.9632015 48.4715849),"Зеленопілля, 84751, Донецька область, Україна"
POINT (33.118969 46.746479),"Кринки, 75110, Херсонська область, Україна"
POINT (33.2214167 46.5966167),"Нова Маячка, Херсонська область, Україна"
GEOMETRYCOLLECTION EMPTY,
POINT (38.0020994 48.5894123),"Бахмут, 84500-84510, Донецька область, Україна"
POINT (37.5022312 47.9401242),"Мар’їнка, 85600-85602, Донецька область, Україна"
POINT (37.9453103 48.599054),"Хромове, 84557, Донецька область, Україна"
POINT (37.5747988 48.0602692),"Невельське, 86051, Донецька область, Україна"
POINT (38.9150477 49.2724587),"Луганська область, Україна"
POINT (37.705761 49.76292),"Синьківка, Харківська область, Україна"
POINT (37.4863822 47.8552316),"Новомихайлівка, 85654, Донецька область, Україна"
POINT (37.562296 47.1414297),"Парк імені Петровського, Машинобудівників площа, 87535, Машинобудівників площа, Маріуполь, Донецька область, Україна"
POINT (37.6413088 48.1397049),"Тоненьке, 86050, Донецька область, Україна"
POINT (37.95544 49.07146),"Ямполівка, 84440, Донецька область, Україна"
POINT (32.978374 46.488186),"Великі Копані, Херсонська область, Україна"
POINT (33.315964 47.080311),"Максима Горького, 74310, Херсонська область, Україна"
POINT (38.2472032 48.924437),"Білогорівка, 93310, Луганська область, Україна"
POINT (38.0207672 48.5517344),"Опитне, 84571, Донецька область, Україна"
POINT (34.20081877526554 45.28350435),"Крымский полуостров, Україна"
POINT (38.24736 48.80942),"Спірне, 84541, Донецька область, Україна"
POINT (32.786407 46.600521),"Саги, Херсонська область, Україна"
POINT (37.7761354 48.0059878),"Куйбишевський район, Донецьк, Донецька область, Україна"
POINT (33.118969 46.746479),"Кринки, 75110, Херсонська область, Україна"
POINT (38.0020994 48.5894123),"Бахмут, 84500-84510, Донецька область, Україна"
POINT (37.9453103 48.599054),"Хромове, 84557, Донецька область, Україна"
POINT (36.5873394 50.5955595),"Белгород, Белгородская область, Россия"
POINT (37.67564 48.194191),"Степове, 86046, Донецька область, Україна"
POINT (38.1974 48.06081),"Гірне, 86782, Донецька область, Україна"
POINT (33.118969 46.746479),"Кринки, 75110, Херсонська область, Україна"
POINT (35.1182867 47.8507859),"Запоріжжя, 69000-69499, Запорізька область, Україна"
POINT (37.9635093 48.0448144),"Макіївка, 86100-86180, Макіївська міська рада, Донецька область, Україна"
POINT (32.939411 46.371922),"Виноградове, 75145, Херсонська область, Україна"
POINT (35.7092206 47.2550191),"Токмак, 71700, Запорізька область, Україна"
POINT (33.6050132 44.9713752),"Севастопольская улица, 97546, Николаевка, Автономна Республіка Крим, Україна"
POINT (37.7690711 44.7239578),"Новороссийск, 353900, Краснодарский край, Россия"
POINT (33.164982 47.008438),"Дмитренка, 74142, Херсонська область, Україна"
POINT (35.826069 47.443081),"Роботине, 71720, Запорізька область, Україна"
POINT (40.1506507 50.9800393),"Воронежская область, Россия"
POINT (37.95828 48.5279),"Кліщіївка, 84557, Донецька область, Україна"
POINT (37.67564 48.194191),"Степове, 86046, Донецька область, Україна"
POINT (37.7827946 48.3874267),"Петрівка, 85288, Донецька область, Україна"
POINT (37.9812202 48.3061413),"Пошта №84637, Остапенка вулиця, 84646, Остапенка вулиця, Горлівська міська рада, Донецька область, Україна"
POINT (35.735432 47.15469),"Запоріжжя, 71770, Запорізька область, Україна"
POINT (37.1144832 50.204914),"Білий Колодязь, Харківська область, Україна"
POINT (38.250382 48.0624786),"Зуївка, 86781, Донецька область, Україна"
POINT (38.2472032 48.924437),"Білогорівка, 93310, Луганська область, Україна"
POINT (36.0911183 49.8563507),"Першотравневе, Харківська область, Україна"
POINT (37.705761 49.76292),"Синьківка, Харківська область, Україна"
POINT (36.895519 49.174461),"Петрівське, Харківська область, Україна"
POINT (35.59845 47.471581),"Мирне, 70560, Запорізька область, Україна"
POINT (37.7903512 48.2495402),"Новобахмутівка, 86198, Донецька область, Україна"
POINT (37.606369 48.492451),"Довга Балка, 85140, Донецька область, Україна"
POINT (38.0027664 48.3058686),"Горлівка, 84646, Горлівська міська рада, Донецька область, Україна"
POINT (38.4844814 48.2413338),"Кам’янка, 86492, Ольховатська селищна рада, Донецька область, Україна"
POINT (37.7466719 48.1338824),"Авдіївка, 86060-86075, Донецька область, Україна"
POINT (35.5090186 50.5158846),"Мокрая Орловка, Белгородская область, Россия"
POINT (34.011706582331264 52.493810350000004),"Государственный природный биосферный заповедник «Брянский лес», Городецкое сельское поселение, Брянская область, Россия"
POINT (34.20081877526554 45.28350435),"Крымский полуостров, Україна"
POINT (36.69923 47.78701),"Рівнопіль, 85550, Донецька область, Україна"
POINT (33.847313 51.031052),"Дмитрівка, 41752, Сумська область, Україна"
POINT (37.88944 48.6763),"Оріхово-Василівка, 84532, Донецька область, Україна"
POINT (37.75718 47.62959),"Богданівка, 85734, Донецька область, Україна"
POINT (34.494572 52.156021),"Севск, 242440, Брянская область, Россия"
POINT (39.9237036 43.4253834),"Адлер, Сочи, Краснодарский край, Россия"
POINT (37.7466719 48.1338824),"Авдіївка, 86060-86075, Донецька область, Україна"
POINT (32.0461261 54.7814057),"Смоленск, Смоленская область, Россия"
POINT (37.8373367 48.5873911),"Часів Яр, 84551-84556, Донецька область, Україна"
POINT (31.6993975 46.5186302),"Кінбурнський півострів, 57555, Очаківська міська громада, Миколаївська область, Україна"
POINT (32.166779 46.485085),"Виноградне, 75621, Херсонська область, Україна"
POINT (37.95544 49.07146),"Ямполівка, 84440, Донецька область, Україна"
POINT (37.1691778 50.9467233),"Дубовая Балка, Плотавское сельское поселение, Белгородская область, Россия"
POINT (37.75718 47.62959),"Богданівка, 85734, Донецька область, Україна"
POINT (39.0718875 44.0984747),"Туапсе, Краснодарский край, Россия"
POINT (37.75718 47.62959),"Богданівка, 85734, Донецька область, Україна"
POINT (35.12345271944436 46.150334099999995),"коса Бирючий Острів, Генічеська міська громада, Херсонська область, Україна"
POINT (37.50449 48.01068),"Красногорівка, 85630-85634, Донецька область, Україна"
POINT (36.558914 50.676468),"Северный, 308519, Белгородская область, Россия"
POINT (36.8990555 47.6580175),"Георгіївка, 85570, Донецька область, Україна"
POINT (37.875546 49.5956202),"Табаївка, Харківська область, Україна"
POINT (38.2178525 49.0463189),"Кремінна, Луганська область, Україна"
POINT (36.69923 47.78701),"Рівнопіль, 85550, Донецька область, Україна"
POINT (37.75718 47.62959),"Богданівка, 85734, Донецька область, Україна"
POINT (36.827923 50.353954),"Новая Таволжанка, 309255, Белгородская область, Россия"
POINT (37.75718 47.62959),"Богданівка, 85734, Донецька область, Україна"
POINT (37.3025672 48.1461995),"Зірка (монумент загиблим в Німецько-радянській війні), Гоголя вулиця, 85400, Гоголя вулиця, Селидово, Донецька область, Україна"
POINT (37.7607503 48.1168524),"Спортивна вулиця, 86062, Авдіївка, Донецька область, Україна"
POINT (37.7720425 48.1325795),"вулиця Колосова, 86062, Авдіївка, Донецька область, Україна"
POINT (36.816277 47.7207241),"Завітне Бажання, 85552, Донецька область, Україна"
POINT (38.80843 47.97858),"Побєда, 86595, Донецька область, Україна"
POINT (32.6178822 46.5582043),"Воїнам Другої світової війни, вулиця Шевченка, 75611, вулиця Шевченка, Кардашинка, Херсонська область, Україна"
POINT (40.7957942 47.6222451),"Ростовская область, Россия"
POINT (37.7809825 47.9212914),"Донецька область, 83000-87999, Україна"
POINT (39.432598 50.713001),"Каменка, 396510, Воронежская область, Россия"
POINT (34.58948715385645 47.512568400000006),"Запорізька АЕС, 71500, Енергодар, Запорізька область, Україна"
POINT (37.95828 48.5279),"Кліщіївка, 84557, Донецька область, Україна"
POINT (35.26989 46.989899),"Федорівка, 72333, Запорізька область, Україна"
POINT (36.9819183 48.6342604),"Новодонецьке, 85010-85011, Донецька область, Україна"
POINT (37.75718 47.62959),"Богданівка, 85734, Донецька область, Україна"
POINT (37.75718 47.62959),"Богданівка, 85734, Донецька область, Україна"
POINT (33.196911 46.760208),"Корсунка, 74986, Херсонська область, Україна"
POINT (35.1182867 47.8507859),"Запоріжжя, 69000-69499, Запорізька область, Україна"
POINT (34.6471345 48.4809174),"Запоріжжя-Кам’янське, Січеславський шлях, 52050, Січеславський шлях, Кам’янське, Дніпропетровська область, Україна"
POINT (33.415853 52.8873315),"Брянская область, Россия"
POINT (37.95544 49.07146),"Ямполівка, 84440, Донецька область, Україна"
POINT (37.2303718 48.1626317),"Григорівка, 85364, Донецька область, Україна"
POINT (38.24736 48.80942),"Спірне, 84541, Донецька область, Україна"
POINT (37.924595 48.574936),"Іванівське, 84557, Донецька область, Україна"
POINT (34.4109101 47.4900938),"Кам’янка-Дніпровська, 71300-71309, Запорізька область, Україна"
POINT (33.738331 48.562321),"Запоріжжя, 52141, П'ятихатська міська громада, Дніпропетровська область, Україна"
POINT (37.3025672 48.1461995),"Зірка (монумент загиблим в Німецько-радянській війні), Гоголя вулиця, 85400, Гоголя вулиця, Селидово, Донецька область, Україна"
POINT (38.022652 49.270931),"Нововодяне, 92912, Луганська область, Україна"
POINT (38.0027664 48.3058686),"Горлівка, 84646, Горлівська міська рада, Донецька область, Україна"
POINT (33.738331 48.562321),"Запоріжжя, 52141, П'ятихатська міська громада, Дніпропетровська область, Україна"
POINT (38.0214951 48.501751),"Одрадівка, 84572, Донецька область, Україна"
GEOMETRYCOLLECTION EMPTY,
POINT (38.190868 49.100136),"Житлівка, 92905, Луганська область, Україна"
